[{"model": "admin.logentry", "pk": 1, "fields": {"action_time": "2022-06-29T13:14:31.452Z", "user": "db31905a-cd60-42f0-86eb-b7718f2eec4a", "content_type": 54, "object_id": "5", "object_repr": "cheeseburger", "action_flag": 2, "change_message": "[{\"changed\": {\"fields\": [\"Is active\"]}}]"}}, {"model": "admin.logentry", "pk": 2, "fields": {"action_time": "2022-06-29T13:14:36.913Z", "user": "db31905a-cd60-42f0-86eb-b7718f2eec4a", "content_type": 54, "object_id": "1", "object_repr": "cola", "action_flag": 2, "change_message": "[{\"changed\": {\"fields\": [\"Is active\"]}}]"}}, {"model": "admin.logentry", "pk": 3, "fields": {"action_time": "2022-06-29T13:14:40.580Z", "user": "db31905a-cd60-42f0-86eb-b7718f2eec4a", "content_type": 54, "object_id": "2", "object_repr": "pepsi", "action_flag": 2, "change_message": "[{\"changed\": {\"fields\": [\"Is active\"]}}]"}}, {"model": "admin.logentry", "pk": 4, "fields": {"action_time": "2022-06-29T13:14:45.322Z", "user": "db31905a-cd60-42f0-86eb-b7718f2eec4a", "content_type": 54, "object_id": "3", "object_repr": "маргарита", "action_flag": 2, "change_message": "[{\"changed\": {\"fields\": [\"Is active\"]}}]"}}, {"model": "admin.logentry", "pk": 5, "fields": {"action_time": "2022-06-29T13:14:48.881Z", "user": "db31905a-cd60-42f0-86eb-b7718f2eec4a", "content_type": 54, "object_id": "3", "object_repr": "маргарита", "action_flag": 2, "change_message": "[]"}}, {"model": "admin.logentry", "pk": 6, "fields": {"action_time": "2022-06-29T13:14:53.170Z", "user": "db31905a-cd60-42f0-86eb-b7718f2eec4a", "content_type": 54, "object_id": "4", "object_repr": "пепперони", "action_flag": 2, "change_message": "[{\"changed\": {\"fields\": [\"Is active\"]}}]"}}, {"model": "admin.logentry", "pk": 7, "fields": {"action_time": "2022-06-29T13:16:08.266Z", "user": "db31905a-cd60-42f0-86eb-b7718f2eec4a", "content_type": 22, "object_id": "1", "object_repr": "Бесплатная доставка на logo", "action_flag": 2, "change_message": "[{\"changed\": {\"fields\": [\"Is active\"]}}]"}}, {"model": "admin.logentry", "pk": 8, "fields": {"action_time": "2022-06-29T14:06:24.990Z", "user": "db31905a-cd60-42f0-86eb-b7718f2eec4a", "content_type": 47, "object_id": "1", "object_repr": "<QuerySet ['logo']>|online", "action_flag": 1, "change_message": "[{\"added\": {}}]"}}, {"model": "admin.logentry", "pk": 9, "fields": {"action_time": "2022-06-29T14:06:33.003Z", "user": "db31905a-cd60-42f0-86eb-b7718f2eec4a", "content_type": 47, "object_id": "2", "object_repr": "<QuerySet ['logo']>|card", "action_flag": 1, "change_message": "[{\"added\": {}}]"}}, {"model": "admin.logentry", "pk": 10, "fields": {"action_time": "2022-06-29T14:06:38.016Z", "user": "db31905a-cd60-42f0-86eb-b7718f2eec4a", "content_type": 47, "object_id": "3", "object_repr": "<QuerySet ['logo']>|cash", "action_flag": 1, "change_message": "[{\"added\": {}}]"}}, {"model": "auth.permission", "pk": 1, "fields": {"name": "Can add log entry", "content_type": 1, "codename": "add_logentry"}}, {"model": "auth.permission", "pk": 2, "fields": {"name": "Can change log entry", "content_type": 1, "codename": "change_logentry"}}, {"model": "auth.permission", "pk": 3, "fields": {"name": "Can delete log entry", "content_type": 1, "codename": "delete_logentry"}}, {"model": "auth.permission", "pk": 4, "fields": {"name": "Can view log entry", "content_type": 1, "codename": "view_logentry"}}, {"model": "auth.permission", "pk": 5, "fields": {"name": "Can add permission", "content_type": 2, "codename": "add_permission"}}, {"model": "auth.permission", "pk": 6, "fields": {"name": "Can change permission", "content_type": 2, "codename": "change_permission"}}, {"model": "auth.permission", "pk": 7, "fields": {"name": "Can delete permission", "content_type": 2, "codename": "delete_permission"}}, {"model": "auth.permission", "pk": 8, "fields": {"name": "Can view permission", "content_type": 2, "codename": "view_permission"}}, {"model": "auth.permission", "pk": 9, "fields": {"name": "Can add group", "content_type": 3, "codename": "add_group"}}, {"model": "auth.permission", "pk": 10, "fields": {"name": "Can change group", "content_type": 3, "codename": "change_group"}}, {"model": "auth.permission", "pk": 11, "fields": {"name": "Can delete group", "content_type": 3, "codename": "delete_group"}}, {"model": "auth.permission", "pk": 12, "fields": {"name": "Can view group", "content_type": 3, "codename": "view_group"}}, {"model": "auth.permission", "pk": 13, "fields": {"name": "Can add content type", "content_type": 4, "codename": "add_contenttype"}}, {"model": "auth.permission", "pk": 14, "fields": {"name": "Can change content type", "content_type": 4, "codename": "change_contenttype"}}, {"model": "auth.permission", "pk": 15, "fields": {"name": "Can delete content type", "content_type": 4, "codename": "delete_contenttype"}}, {"model": "auth.permission", "pk": 16, "fields": {"name": "Can view content type", "content_type": 4, "codename": "view_contenttype"}}, {"model": "auth.permission", "pk": 17, "fields": {"name": "Can add session", "content_type": 5, "codename": "add_session"}}, {"model": "auth.permission", "pk": 18, "fields": {"name": "Can change session", "content_type": 5, "codename": "change_session"}}, {"model": "auth.permission", "pk": 19, "fields": {"name": "Can delete session", "content_type": 5, "codename": "delete_session"}}, {"model": "auth.permission", "pk": 20, "fields": {"name": "Can view session", "content_type": 5, "codename": "view_session"}}, {"model": "auth.permission", "pk": 21, "fields": {"name": "Can add site", "content_type": 6, "codename": "add_site"}}, {"model": "auth.permission", "pk": 22, "fields": {"name": "Can change site", "content_type": 6, "codename": "change_site"}}, {"model": "auth.permission", "pk": 23, "fields": {"name": "Can delete site", "content_type": 6, "codename": "delete_site"}}, {"model": "auth.permission", "pk": 24, "fields": {"name": "Can view site", "content_type": 6, "codename": "view_site"}}, {"model": "auth.permission", "pk": 25, "fields": {"name": "Can add crontab", "content_type": 7, "codename": "add_crontabschedule"}}, {"model": "auth.permission", "pk": 26, "fields": {"name": "Can change crontab", "content_type": 7, "codename": "change_crontabschedule"}}, {"model": "auth.permission", "pk": 27, "fields": {"name": "Can delete crontab", "content_type": 7, "codename": "delete_crontabschedule"}}, {"model": "auth.permission", "pk": 28, "fields": {"name": "Can view crontab", "content_type": 7, "codename": "view_crontabschedule"}}, {"model": "auth.permission", "pk": 29, "fields": {"name": "Can add interval", "content_type": 8, "codename": "add_intervalschedule"}}, {"model": "auth.permission", "pk": 30, "fields": {"name": "Can change interval", "content_type": 8, "codename": "change_intervalschedule"}}, {"model": "auth.permission", "pk": 31, "fields": {"name": "Can delete interval", "content_type": 8, "codename": "delete_intervalschedule"}}, {"model": "auth.permission", "pk": 32, "fields": {"name": "Can view interval", "content_type": 8, "codename": "view_intervalschedule"}}, {"model": "auth.permission", "pk": 33, "fields": {"name": "Can add periodic task", "content_type": 9, "codename": "add_periodictask"}}, {"model": "auth.permission", "pk": 34, "fields": {"name": "Can change periodic task", "content_type": 9, "codename": "change_periodictask"}}, {"model": "auth.permission", "pk": 35, "fields": {"name": "Can delete periodic task", "content_type": 9, "codename": "delete_periodictask"}}, {"model": "auth.permission", "pk": 36, "fields": {"name": "Can view periodic task", "content_type": 9, "codename": "view_periodictask"}}, {"model": "auth.permission", "pk": 37, "fields": {"name": "Can add periodic tasks", "content_type": 10, "codename": "add_periodictasks"}}, {"model": "auth.permission", "pk": 38, "fields": {"name": "Can change periodic tasks", "content_type": 10, "codename": "change_periodictasks"}}, {"model": "auth.permission", "pk": 39, "fields": {"name": "Can delete periodic tasks", "content_type": 10, "codename": "delete_periodictasks"}}, {"model": "auth.permission", "pk": 40, "fields": {"name": "Can view periodic tasks", "content_type": 10, "codename": "view_periodictasks"}}, {"model": "auth.permission", "pk": 41, "fields": {"name": "Can add solar event", "content_type": 11, "codename": "add_solarschedule"}}, {"model": "auth.permission", "pk": 42, "fields": {"name": "Can change solar event", "content_type": 11, "codename": "change_solarschedule"}}, {"model": "auth.permission", "pk": 43, "fields": {"name": "Can delete solar event", "content_type": 11, "codename": "delete_solarschedule"}}, {"model": "auth.permission", "pk": 44, "fields": {"name": "Can view solar event", "content_type": 11, "codename": "view_solarschedule"}}, {"model": "auth.permission", "pk": 45, "fields": {"name": "Can add clocked", "content_type": 12, "codename": "add_clockedschedule"}}, {"model": "auth.permission", "pk": 46, "fields": {"name": "Can change clocked", "content_type": 12, "codename": "change_clockedschedule"}}, {"model": "auth.permission", "pk": 47, "fields": {"name": "Can delete clocked", "content_type": 12, "codename": "delete_clockedschedule"}}, {"model": "auth.permission", "pk": 48, "fields": {"name": "Can view clocked", "content_type": 12, "codename": "view_clockedschedule"}}, {"model": "auth.permission", "pk": 49, "fields": {"name": "Can add task result", "content_type": 13, "codename": "add_taskresult"}}, {"model": "auth.permission", "pk": 50, "fields": {"name": "Can change task result", "content_type": 13, "codename": "change_taskresult"}}, {"model": "auth.permission", "pk": 51, "fields": {"name": "Can delete task result", "content_type": 13, "codename": "delete_taskresult"}}, {"model": "auth.permission", "pk": 52, "fields": {"name": "Can view task result", "content_type": 13, "codename": "view_taskresult"}}, {"model": "auth.permission", "pk": 53, "fields": {"name": "Can add chord counter", "content_type": 14, "codename": "add_chordcounter"}}, {"model": "auth.permission", "pk": 54, "fields": {"name": "Can change chord counter", "content_type": 14, "codename": "change_chordcounter"}}, {"model": "auth.permission", "pk": 55, "fields": {"name": "Can delete chord counter", "content_type": 14, "codename": "delete_chordcounter"}}, {"model": "auth.permission", "pk": 56, "fields": {"name": "Can view chord counter", "content_type": 14, "codename": "view_chordcounter"}}, {"model": "auth.permission", "pk": 57, "fields": {"name": "Can add group result", "content_type": 15, "codename": "add_groupresult"}}, {"model": "auth.permission", "pk": 58, "fields": {"name": "Can change group result", "content_type": 15, "codename": "change_groupresult"}}, {"model": "auth.permission", "pk": 59, "fields": {"name": "Can delete group result", "content_type": 15, "codename": "delete_groupresult"}}, {"model": "auth.permission", "pk": 60, "fields": {"name": "Can view group result", "content_type": 15, "codename": "view_groupresult"}}, {"model": "auth.permission", "pk": 61, "fields": {"name": "Can add blacklisted token", "content_type": 16, "codename": "add_blacklistedtoken"}}, {"model": "auth.permission", "pk": 62, "fields": {"name": "Can change blacklisted token", "content_type": 16, "codename": "change_blacklistedtoken"}}, {"model": "auth.permission", "pk": 63, "fields": {"name": "Can delete blacklisted token", "content_type": 16, "codename": "delete_blacklistedtoken"}}, {"model": "auth.permission", "pk": 64, "fields": {"name": "Can view blacklisted token", "content_type": 16, "codename": "view_blacklistedtoken"}}, {"model": "auth.permission", "pk": 65, "fields": {"name": "Can add outstanding token", "content_type": 17, "codename": "add_outstandingtoken"}}, {"model": "auth.permission", "pk": 66, "fields": {"name": "Can change outstanding token", "content_type": 17, "codename": "change_outstandingtoken"}}, {"model": "auth.permission", "pk": 67, "fields": {"name": "Can delete outstanding token", "content_type": 17, "codename": "delete_outstandingtoken"}}, {"model": "auth.permission", "pk": 68, "fields": {"name": "Can view outstanding token", "content_type": 17, "codename": "view_outstandingtoken"}}, {"model": "auth.permission", "pk": 69, "fields": {"name": "Can add User", "content_type": 18, "codename": "add_customuser"}}, {"model": "auth.permission", "pk": 70, "fields": {"name": "Can change User", "content_type": 18, "codename": "change_customuser"}}, {"model": "auth.permission", "pk": 71, "fields": {"name": "Can delete User", "content_type": 18, "codename": "delete_customuser"}}, {"model": "auth.permission", "pk": 72, "fields": {"name": "Can view User", "content_type": 18, "codename": "view_customuser"}}, {"model": "auth.permission", "pk": 73, "fields": {"name": "Can add Сообщение SMS Aero", "content_type": 19, "codename": "add_sms"}}, {"model": "auth.permission", "pk": 74, "fields": {"name": "Can change Сообщение SMS Aero", "content_type": 19, "codename": "change_sms"}}, {"model": "auth.permission", "pk": 75, "fields": {"name": "Can delete Сообщение SMS Aero", "content_type": 19, "codename": "delete_sms"}}, {"model": "auth.permission", "pk": 76, "fields": {"name": "Can view Сообщение SMS Aero", "content_type": 19, "codename": "view_sms"}}, {"model": "auth.permission", "pk": 77, "fields": {"name": "Can add auth code", "content_type": 20, "codename": "add_authcode"}}, {"model": "auth.permission", "pk": 78, "fields": {"name": "Can change auth code", "content_type": 20, "codename": "change_authcode"}}, {"model": "auth.permission", "pk": 79, "fields": {"name": "Can delete auth code", "content_type": 20, "codename": "delete_authcode"}}, {"model": "auth.permission", "pk": 80, "fields": {"name": "Can view auth code", "content_type": 20, "codename": "view_authcode"}}, {"model": "auth.permission", "pk": 81, "fields": {"name": "Can add analytics", "content_type": 21, "codename": "add_analytics"}}, {"model": "auth.permission", "pk": 82, "fields": {"name": "Can change analytics", "content_type": 21, "codename": "change_analytics"}}, {"model": "auth.permission", "pk": 83, "fields": {"name": "Can delete analytics", "content_type": 21, "codename": "delete_analytics"}}, {"model": "auth.permission", "pk": 84, "fields": {"name": "Can view analytics", "content_type": 21, "codename": "view_analytics"}}, {"model": "auth.permission", "pk": 85, "fields": {"name": "Can add banner", "content_type": 22, "codename": "add_banner"}}, {"model": "auth.permission", "pk": 86, "fields": {"name": "Can change banner", "content_type": 22, "codename": "change_banner"}}, {"model": "auth.permission", "pk": 87, "fields": {"name": "Can delete banner", "content_type": 22, "codename": "delete_banner"}}, {"model": "auth.permission", "pk": 88, "fields": {"name": "Can view banner", "content_type": 22, "codename": "view_banner"}}, {"model": "auth.permission", "pk": 89, "fields": {"name": "Can add design", "content_type": 23, "codename": "add_design"}}, {"model": "auth.permission", "pk": 90, "fields": {"name": "Can change design", "content_type": 23, "codename": "change_design"}}, {"model": "auth.permission", "pk": 91, "fields": {"name": "Can delete design", "content_type": 23, "codename": "delete_design"}}, {"model": "auth.permission", "pk": 92, "fields": {"name": "Can view design", "content_type": 23, "codename": "view_design"}}, {"model": "auth.permission", "pk": 93, "fields": {"name": "Can add extra phone", "content_type": 24, "codename": "add_extraphone"}}, {"model": "auth.permission", "pk": 94, "fields": {"name": "Can change extra phone", "content_type": 24, "codename": "change_extraphone"}}, {"model": "auth.permission", "pk": 95, "fields": {"name": "Can delete extra phone", "content_type": 24, "codename": "delete_extraphone"}}, {"model": "auth.permission", "pk": 96, "fields": {"name": "Can view extra phone", "content_type": 24, "codename": "view_extraphone"}}, {"model": "auth.permission", "pk": 97, "fields": {"name": "Can add institution", "content_type": 25, "codename": "add_institution"}}, {"model": "auth.permission", "pk": 98, "fields": {"name": "Can change institution", "content_type": 25, "codename": "change_institution"}}, {"model": "auth.permission", "pk": 99, "fields": {"name": "Can delete institution", "content_type": 25, "codename": "delete_institution"}}, {"model": "auth.permission", "pk": 100, "fields": {"name": "Can view institution", "content_type": 25, "codename": "view_institution"}}, {"model": "auth.permission", "pk": 101, "fields": {"name": "Can add min cart cost", "content_type": 26, "codename": "add_mincartcost"}}, {"model": "auth.permission", "pk": 102, "fields": {"name": "Can change min cart cost", "content_type": 26, "codename": "change_mincartcost"}}, {"model": "auth.permission", "pk": 103, "fields": {"name": "Can delete min cart cost", "content_type": 26, "codename": "delete_mincartcost"}}, {"model": "auth.permission", "pk": 104, "fields": {"name": "Can view min cart cost", "content_type": 26, "codename": "view_mincartcost"}}, {"model": "auth.permission", "pk": 105, "fields": {"name": "Can add requisites", "content_type": 27, "codename": "add_requisites"}}, {"model": "auth.permission", "pk": 106, "fields": {"name": "Can change requisites", "content_type": 27, "codename": "change_requisites"}}, {"model": "auth.permission", "pk": 107, "fields": {"name": "Can delete requisites", "content_type": 27, "codename": "delete_requisites"}}, {"model": "auth.permission", "pk": 108, "fields": {"name": "Can view requisites", "content_type": 27, "codename": "view_requisites"}}, {"model": "auth.permission", "pk": 109, "fields": {"name": "Can add working hours", "content_type": 28, "codename": "add_workinghours"}}, {"model": "auth.permission", "pk": 110, "fields": {"name": "Can change working hours", "content_type": 28, "codename": "change_workinghours"}}, {"model": "auth.permission", "pk": 111, "fields": {"name": "Can delete working hours", "content_type": 28, "codename": "delete_workinghours"}}, {"model": "auth.permission", "pk": 112, "fields": {"name": "Can view working hours", "content_type": 28, "codename": "view_workinghours"}}, {"model": "auth.permission", "pk": 113, "fields": {"name": "Can add social links", "content_type": 29, "codename": "add_sociallinks"}}, {"model": "auth.permission", "pk": 114, "fields": {"name": "Can change social links", "content_type": 29, "codename": "change_sociallinks"}}, {"model": "auth.permission", "pk": 115, "fields": {"name": "Can delete social links", "content_type": 29, "codename": "delete_sociallinks"}}, {"model": "auth.permission", "pk": 116, "fields": {"name": "Can view social links", "content_type": 29, "codename": "view_sociallinks"}}, {"model": "auth.permission", "pk": 117, "fields": {"name": "Can add delivery", "content_type": 30, "codename": "add_delivery"}}, {"model": "auth.permission", "pk": 118, "fields": {"name": "Can change delivery", "content_type": 30, "codename": "change_delivery"}}, {"model": "auth.permission", "pk": 119, "fields": {"name": "Can delete delivery", "content_type": 30, "codename": "delete_delivery"}}, {"model": "auth.permission", "pk": 120, "fields": {"name": "Can view delivery", "content_type": 30, "codename": "view_delivery"}}, {"model": "auth.permission", "pk": 121, "fields": {"name": "Can add delivery zone", "content_type": 31, "codename": "add_deliveryzone"}}, {"model": "auth.permission", "pk": 122, "fields": {"name": "Can change delivery zone", "content_type": 31, "codename": "change_deliveryzone"}}, {"model": "auth.permission", "pk": 123, "fields": {"name": "Can delete delivery zone", "content_type": 31, "codename": "delete_deliveryzone"}}, {"model": "auth.permission", "pk": 124, "fields": {"name": "Can view delivery zone", "content_type": 31, "codename": "view_deliveryzone"}}, {"model": "auth.permission", "pk": 125, "fields": {"name": "Can add delivery zoneсoordinates", "content_type": 32, "codename": "add_deliveryzoneсoordinates"}}, {"model": "auth.permission", "pk": 126, "fields": {"name": "Can change delivery zoneсoordinates", "content_type": 32, "codename": "change_deliveryzoneсoordinates"}}, {"model": "auth.permission", "pk": 127, "fields": {"name": "Can delete delivery zoneсoordinates", "content_type": 32, "codename": "delete_deliveryzoneсoordinates"}}, {"model": "auth.permission", "pk": 128, "fields": {"name": "Can view delivery zoneсoordinates", "content_type": 32, "codename": "view_deliveryzoneсoordinates"}}, {"model": "auth.permission", "pk": 129, "fields": {"name": "Can add delivery zone file", "content_type": 33, "codename": "add_deliveryzonefile"}}, {"model": "auth.permission", "pk": 130, "fields": {"name": "Can change delivery zone file", "content_type": 33, "codename": "change_deliveryzonefile"}}, {"model": "auth.permission", "pk": 131, "fields": {"name": "Can delete delivery zone file", "content_type": 33, "codename": "delete_deliveryzonefile"}}, {"model": "auth.permission", "pk": 132, "fields": {"name": "Can view delivery zone file", "content_type": 33, "codename": "view_deliveryzonefile"}}, {"model": "auth.permission", "pk": 133, "fields": {"name": "Can add delivery info", "content_type": 34, "codename": "add_deliveryinfo"}}, {"model": "auth.permission", "pk": 134, "fields": {"name": "Can change delivery info", "content_type": 34, "codename": "change_deliveryinfo"}}, {"model": "auth.permission", "pk": 135, "fields": {"name": "Can delete delivery info", "content_type": 34, "codename": "delete_deliveryinfo"}}, {"model": "auth.permission", "pk": 136, "fields": {"name": "Can view delivery info", "content_type": 34, "codename": "view_deliveryinfo"}}, {"model": "auth.permission", "pk": 137, "fields": {"name": "Can add address", "content_type": 35, "codename": "add_address"}}, {"model": "auth.permission", "pk": 138, "fields": {"name": "Can change address", "content_type": 35, "codename": "change_address"}}, {"model": "auth.permission", "pk": 139, "fields": {"name": "Can delete address", "content_type": 35, "codename": "delete_address"}}, {"model": "auth.permission", "pk": 140, "fields": {"name": "Can view address", "content_type": 35, "codename": "view_address"}}, {"model": "auth.permission", "pk": 141, "fields": {"name": "Can add address link", "content_type": 36, "codename": "add_addresslink"}}, {"model": "auth.permission", "pk": 142, "fields": {"name": "Can change address link", "content_type": 36, "codename": "change_addresslink"}}, {"model": "auth.permission", "pk": 143, "fields": {"name": "Can delete address link", "content_type": 36, "codename": "delete_addresslink"}}, {"model": "auth.permission", "pk": 144, "fields": {"name": "Can view address link", "content_type": 36, "codename": "view_addresslink"}}, {"model": "auth.permission", "pk": 145, "fields": {"name": "Can add image", "content_type": 37, "codename": "add_image"}}, {"model": "auth.permission", "pk": 146, "fields": {"name": "Can change image", "content_type": 37, "codename": "change_image"}}, {"model": "auth.permission", "pk": 147, "fields": {"name": "Can delete image", "content_type": 37, "codename": "delete_image"}}, {"model": "auth.permission", "pk": 148, "fields": {"name": "Can view image", "content_type": 37, "codename": "view_image"}}, {"model": "auth.permission", "pk": 149, "fields": {"name": "Can add cart", "content_type": 38, "codename": "add_cart"}}, {"model": "auth.permission", "pk": 150, "fields": {"name": "Can change cart", "content_type": 38, "codename": "change_cart"}}, {"model": "auth.permission", "pk": 151, "fields": {"name": "Can delete cart", "content_type": 38, "codename": "delete_cart"}}, {"model": "auth.permission", "pk": 152, "fields": {"name": "Can view cart", "content_type": 38, "codename": "view_cart"}}, {"model": "auth.permission", "pk": 153, "fields": {"name": "Can add order", "content_type": 39, "codename": "add_order"}}, {"model": "auth.permission", "pk": 154, "fields": {"name": "Can change order", "content_type": 39, "codename": "change_order"}}, {"model": "auth.permission", "pk": 155, "fields": {"name": "Can delete order", "content_type": 39, "codename": "delete_order"}}, {"model": "auth.permission", "pk": 156, "fields": {"name": "Can view order", "content_type": 39, "codename": "view_order"}}, {"model": "auth.permission", "pk": 157, "fields": {"name": "Can add promo code", "content_type": 40, "codename": "add_promocode"}}, {"model": "auth.permission", "pk": 158, "fields": {"name": "Can change promo code", "content_type": 40, "codename": "change_promocode"}}, {"model": "auth.permission", "pk": 159, "fields": {"name": "Can delete promo code", "content_type": 40, "codename": "delete_promocode"}}, {"model": "auth.permission", "pk": 160, "fields": {"name": "Can view promo code", "content_type": 40, "codename": "view_promocode"}}, {"model": "auth.permission", "pk": 161, "fields": {"name": "Can add user bonus", "content_type": 41, "codename": "add_userbonus"}}, {"model": "auth.permission", "pk": 162, "fields": {"name": "Can change user bonus", "content_type": 41, "codename": "change_userbonus"}}, {"model": "auth.permission", "pk": 163, "fields": {"name": "Can delete user bonus", "content_type": 41, "codename": "delete_userbonus"}}, {"model": "auth.permission", "pk": 164, "fields": {"name": "Can view user bonus", "content_type": 41, "codename": "view_userbonus"}}, {"model": "auth.permission", "pk": 165, "fields": {"name": "Can add promo code user", "content_type": 42, "codename": "add_promocodeuser"}}, {"model": "auth.permission", "pk": 166, "fields": {"name": "Can change promo code user", "content_type": 42, "codename": "change_promocodeuser"}}, {"model": "auth.permission", "pk": 167, "fields": {"name": "Can delete promo code user", "content_type": 42, "codename": "delete_promocodeuser"}}, {"model": "auth.permission", "pk": 168, "fields": {"name": "Can view promo code user", "content_type": 42, "codename": "view_promocodeuser"}}, {"model": "auth.permission", "pk": 169, "fields": {"name": "Can add order item", "content_type": 43, "codename": "add_orderitem"}}, {"model": "auth.permission", "pk": 170, "fields": {"name": "Can change order item", "content_type": 43, "codename": "change_orderitem"}}, {"model": "auth.permission", "pk": 171, "fields": {"name": "Can delete order item", "content_type": 43, "codename": "delete_orderitem"}}, {"model": "auth.permission", "pk": 172, "fields": {"name": "Can view order item", "content_type": 43, "codename": "view_orderitem"}}, {"model": "auth.permission", "pk": 173, "fields": {"name": "Can add cart item", "content_type": 44, "codename": "add_cartitem"}}, {"model": "auth.permission", "pk": 174, "fields": {"name": "Can change cart item", "content_type": 44, "codename": "change_cartitem"}}, {"model": "auth.permission", "pk": 175, "fields": {"name": "Can delete cart item", "content_type": 44, "codename": "delete_cartitem"}}, {"model": "auth.permission", "pk": 176, "fields": {"name": "Can view cart item", "content_type": 44, "codename": "view_cartitem"}}, {"model": "auth.permission", "pk": 177, "fields": {"name": "Can add bonus", "content_type": 45, "codename": "add_bonus"}}, {"model": "auth.permission", "pk": 178, "fields": {"name": "Can change bonus", "content_type": 45, "codename": "change_bonus"}}, {"model": "auth.permission", "pk": 179, "fields": {"name": "Can delete bonus", "content_type": 45, "codename": "delete_bonus"}}, {"model": "auth.permission", "pk": 180, "fields": {"name": "Can view bonus", "content_type": 45, "codename": "view_bonus"}}, {"model": "auth.permission", "pk": 181, "fields": {"name": "Can add yoo money", "content_type": 46, "codename": "add_yoomoney"}}, {"model": "auth.permission", "pk": 182, "fields": {"name": "Can change yoo money", "content_type": 46, "codename": "change_yoomoney"}}, {"model": "auth.permission", "pk": 183, "fields": {"name": "Can delete yoo money", "content_type": 46, "codename": "delete_yoomoney"}}, {"model": "auth.permission", "pk": 184, "fields": {"name": "Can view yoo money", "content_type": 46, "codename": "view_yoomoney"}}, {"model": "auth.permission", "pk": 185, "fields": {"name": "Can add payment type institution", "content_type": 47, "codename": "add_paymenttypeinstitution"}}, {"model": "auth.permission", "pk": 186, "fields": {"name": "Can change payment type institution", "content_type": 47, "codename": "change_paymenttypeinstitution"}}, {"model": "auth.permission", "pk": 187, "fields": {"name": "Can delete payment type institution", "content_type": 47, "codename": "delete_paymenttypeinstitution"}}, {"model": "auth.permission", "pk": 188, "fields": {"name": "Can view payment type institution", "content_type": 47, "codename": "view_paymenttypeinstitution"}}, {"model": "auth.permission", "pk": 189, "fields": {"name": "Can add payment", "content_type": 48, "codename": "add_payment"}}, {"model": "auth.permission", "pk": 190, "fields": {"name": "Can change payment", "content_type": 48, "codename": "change_payment"}}, {"model": "auth.permission", "pk": 191, "fields": {"name": "Can delete payment", "content_type": 48, "codename": "delete_payment"}}, {"model": "auth.permission", "pk": 192, "fields": {"name": "Can view payment", "content_type": 48, "codename": "view_payment"}}, {"model": "auth.permission", "pk": 193, "fields": {"name": "Can add plan", "content_type": 49, "codename": "add_plan"}}, {"model": "auth.permission", "pk": 194, "fields": {"name": "Can change plan", "content_type": 49, "codename": "change_plan"}}, {"model": "auth.permission", "pk": 195, "fields": {"name": "Can delete plan", "content_type": 49, "codename": "delete_plan"}}, {"model": "auth.permission", "pk": 196, "fields": {"name": "Can view plan", "content_type": 49, "codename": "view_plan"}}, {"model": "auth.permission", "pk": 197, "fields": {"name": "Can add category", "content_type": 50, "codename": "add_category"}}, {"model": "auth.permission", "pk": 198, "fields": {"name": "Can change category", "content_type": 50, "codename": "change_category"}}, {"model": "auth.permission", "pk": 199, "fields": {"name": "Can delete category", "content_type": 50, "codename": "delete_category"}}, {"model": "auth.permission", "pk": 200, "fields": {"name": "Can view category", "content_type": 50, "codename": "view_category"}}, {"model": "auth.permission", "pk": 201, "fields": {"name": "Can add category additive", "content_type": 51, "codename": "add_categoryadditive"}}, {"model": "auth.permission", "pk": 202, "fields": {"name": "Can change category additive", "content_type": 51, "codename": "change_categoryadditive"}}, {"model": "auth.permission", "pk": 203, "fields": {"name": "Can delete category additive", "content_type": 51, "codename": "delete_categoryadditive"}}, {"model": "auth.permission", "pk": 204, "fields": {"name": "Can view category additive", "content_type": 51, "codename": "view_categoryadditive"}}, {"model": "auth.permission", "pk": 205, "fields": {"name": "Can add modifier", "content_type": 52, "codename": "add_modifier"}}, {"model": "auth.permission", "pk": 206, "fields": {"name": "Can change modifier", "content_type": 52, "codename": "change_modifier"}}, {"model": "auth.permission", "pk": 207, "fields": {"name": "Can delete modifier", "content_type": 52, "codename": "delete_modifier"}}, {"model": "auth.permission", "pk": 208, "fields": {"name": "Can view modifier", "content_type": 52, "codename": "view_modifier"}}, {"model": "auth.permission", "pk": 209, "fields": {"name": "Can add sticker", "content_type": 53, "codename": "add_sticker"}}, {"model": "auth.permission", "pk": 210, "fields": {"name": "Can change sticker", "content_type": 53, "codename": "change_sticker"}}, {"model": "auth.permission", "pk": 211, "fields": {"name": "Can delete sticker", "content_type": 53, "codename": "delete_sticker"}}, {"model": "auth.permission", "pk": 212, "fields": {"name": "Can view sticker", "content_type": 53, "codename": "view_sticker"}}, {"model": "auth.permission", "pk": 213, "fields": {"name": "Can add product", "content_type": 54, "codename": "add_product"}}, {"model": "auth.permission", "pk": 214, "fields": {"name": "Can change product", "content_type": 54, "codename": "change_product"}}, {"model": "auth.permission", "pk": 215, "fields": {"name": "Can delete product", "content_type": 54, "codename": "delete_product"}}, {"model": "auth.permission", "pk": 216, "fields": {"name": "Can view product", "content_type": 54, "codename": "view_product"}}, {"model": "auth.permission", "pk": 217, "fields": {"name": "Can add modifier price", "content_type": 55, "codename": "add_modifierprice"}}, {"model": "auth.permission", "pk": 218, "fields": {"name": "Can change modifier price", "content_type": 55, "codename": "change_modifierprice"}}, {"model": "auth.permission", "pk": 219, "fields": {"name": "Can delete modifier price", "content_type": 55, "codename": "delete_modifierprice"}}, {"model": "auth.permission", "pk": 220, "fields": {"name": "Can view modifier price", "content_type": 55, "codename": "view_modifierprice"}}, {"model": "auth.permission", "pk": 221, "fields": {"name": "Can add additive", "content_type": 56, "codename": "add_additive"}}, {"model": "auth.permission", "pk": 222, "fields": {"name": "Can change additive", "content_type": 56, "codename": "change_additive"}}, {"model": "auth.permission", "pk": 223, "fields": {"name": "Can delete additive", "content_type": 56, "codename": "delete_additive"}}, {"model": "auth.permission", "pk": 224, "fields": {"name": "Can view additive", "content_type": 56, "codename": "view_additive"}}, {"model": "auth.permission", "pk": 225, "fields": {"name": "Can add que", "content_type": 57, "codename": "add_que"}}, {"model": "auth.permission", "pk": 226, "fields": {"name": "Can change que", "content_type": 57, "codename": "change_que"}}, {"model": "auth.permission", "pk": 227, "fields": {"name": "Can delete que", "content_type": 57, "codename": "delete_que"}}, {"model": "auth.permission", "pk": 228, "fields": {"name": "Can view que", "content_type": 57, "codename": "view_que"}}, {"model": "contenttypes.contenttype", "pk": 1, "fields": {"app_label": "admin", "model": "logentry"}}, {"model": "contenttypes.contenttype", "pk": 2, "fields": {"app_label": "auth", "model": "permission"}}, {"model": "contenttypes.contenttype", "pk": 3, "fields": {"app_label": "auth", "model": "group"}}, {"model": "contenttypes.contenttype", "pk": 4, "fields": {"app_label": "contenttypes", "model": "contenttype"}}, {"model": "contenttypes.contenttype", "pk": 5, "fields": {"app_label": "sessions", "model": "session"}}, {"model": "contenttypes.contenttype", "pk": 6, "fields": {"app_label": "sites", "model": "site"}}, {"model": "contenttypes.contenttype", "pk": 7, "fields": {"app_label": "django_celery_beat", "model": "crontabschedule"}}, {"model": "contenttypes.contenttype", "pk": 8, "fields": {"app_label": "django_celery_beat", "model": "intervalschedule"}}, {"model": "contenttypes.contenttype", "pk": 9, "fields": {"app_label": "django_celery_beat", "model": "periodictask"}}, {"model": "contenttypes.contenttype", "pk": 10, "fields": {"app_label": "django_celery_beat", "model": "periodictasks"}}, {"model": "contenttypes.contenttype", "pk": 11, "fields": {"app_label": "django_celery_beat", "model": "solarschedule"}}, {"model": "contenttypes.contenttype", "pk": 12, "fields": {"app_label": "django_celery_beat", "model": "clockedschedule"}}, {"model": "contenttypes.contenttype", "pk": 13, "fields": {"app_label": "django_celery_results", "model": "taskresult"}}, {"model": "contenttypes.contenttype", "pk": 14, "fields": {"app_label": "django_celery_results", "model": "chordcounter"}}, {"model": "contenttypes.contenttype", "pk": 15, "fields": {"app_label": "django_celery_results", "model": "groupresult"}}, {"model": "contenttypes.contenttype", "pk": 16, "fields": {"app_label": "token_blacklist", "model": "blacklistedtoken"}}, {"model": "contenttypes.contenttype", "pk": 17, "fields": {"app_label": "token_blacklist", "model": "outstandingtoken"}}, {"model": "contenttypes.contenttype", "pk": 18, "fields": {"app_label": "base", "model": "customuser"}}, {"model": "contenttypes.contenttype", "pk": 19, "fields": {"app_label": "base", "model": "sms"}}, {"model": "contenttypes.contenttype", "pk": 20, "fields": {"app_label": "base", "model": "authcode"}}, {"model": "contenttypes.contenttype", "pk": 21, "fields": {"app_label": "company", "model": "analytics"}}, {"model": "contenttypes.contenttype", "pk": 22, "fields": {"app_label": "company", "model": "banner"}}, {"model": "contenttypes.contenttype", "pk": 23, "fields": {"app_label": "company", "model": "design"}}, {"model": "contenttypes.contenttype", "pk": 24, "fields": {"app_label": "company", "model": "extraphone"}}, {"model": "contenttypes.contenttype", "pk": 25, "fields": {"app_label": "company", "model": "institution"}}, {"model": "contenttypes.contenttype", "pk": 26, "fields": {"app_label": "company", "model": "mincartcost"}}, {"model": "contenttypes.contenttype", "pk": 27, "fields": {"app_label": "company", "model": "requisites"}}, {"model": "contenttypes.contenttype", "pk": 28, "fields": {"app_label": "company", "model": "workinghours"}}, {"model": "contenttypes.contenttype", "pk": 29, "fields": {"app_label": "company", "model": "sociallinks"}}, {"model": "contenttypes.contenttype", "pk": 30, "fields": {"app_label": "delivery", "model": "delivery"}}, {"model": "contenttypes.contenttype", "pk": 31, "fields": {"app_label": "delivery", "model": "deliveryzone"}}, {"model": "contenttypes.contenttype", "pk": 32, "fields": {"app_label": "delivery", "model": "deliveryzoneсoordinates"}}, {"model": "contenttypes.contenttype", "pk": 33, "fields": {"app_label": "delivery", "model": "deliveryzonefile"}}, {"model": "contenttypes.contenttype", "pk": 34, "fields": {"app_label": "delivery", "model": "deliveryinfo"}}, {"model": "contenttypes.contenttype", "pk": 35, "fields": {"app_label": "location", "model": "address"}}, {"model": "contenttypes.contenttype", "pk": 36, "fields": {"app_label": "location", "model": "addresslink"}}, {"model": "contenttypes.contenttype", "pk": 37, "fields": {"app_label": "media", "model": "image"}}, {"model": "contenttypes.contenttype", "pk": 38, "fields": {"app_label": "order", "model": "cart"}}, {"model": "contenttypes.contenttype", "pk": 39, "fields": {"app_label": "order", "model": "order"}}, {"model": "contenttypes.contenttype", "pk": 40, "fields": {"app_label": "order", "model": "promocode"}}, {"model": "contenttypes.contenttype", "pk": 41, "fields": {"app_label": "order", "model": "userbonus"}}, {"model": "contenttypes.contenttype", "pk": 42, "fields": {"app_label": "order", "model": "promocodeuser"}}, {"model": "contenttypes.contenttype", "pk": 43, "fields": {"app_label": "order", "model": "orderitem"}}, {"model": "contenttypes.contenttype", "pk": 44, "fields": {"app_label": "order", "model": "cartitem"}}, {"model": "contenttypes.contenttype", "pk": 45, "fields": {"app_label": "order", "model": "bonus"}}, {"model": "contenttypes.contenttype", "pk": 46, "fields": {"app_label": "payment", "model": "yoomoney"}}, {"model": "contenttypes.contenttype", "pk": 47, "fields": {"app_label": "payment", "model": "paymenttypeinstitution"}}, {"model": "contenttypes.contenttype", "pk": 48, "fields": {"app_label": "payment", "model": "payment"}}, {"model": "contenttypes.contenttype", "pk": 49, "fields": {"app_label": "plan", "model": "plan"}}, {"model": "contenttypes.contenttype", "pk": 50, "fields": {"app_label": "product", "model": "category"}}, {"model": "contenttypes.contenttype", "pk": 51, "fields": {"app_label": "product", "model": "categoryadditive"}}, {"model": "contenttypes.contenttype", "pk": 52, "fields": {"app_label": "product", "model": "modifier"}}, {"model": "contenttypes.contenttype", "pk": 53, "fields": {"app_label": "product", "model": "sticker"}}, {"model": "contenttypes.contenttype", "pk": 54, "fields": {"app_label": "product", "model": "product"}}, {"model": "contenttypes.contenttype", "pk": 55, "fields": {"app_label": "product", "model": "modifierprice"}}, {"model": "contenttypes.contenttype", "pk": 56, "fields": {"app_label": "product", "model": "additive"}}, {"model": "contenttypes.contenttype", "pk": 57, "fields": {"app_label": "que", "model": "que"}}, {"model": "sessions.session", "pk": "953xuu1dlgqvqtc9ivo91sj2e9a4lnh4", "fields": {"session_data": ".eJxVjjkOwjAQRe_imlgz3k1Jzxmi8XhCWJRIWSrE3QkoBdT_vaf_VC2tS9-us0zttaqjqsViBk8N1wCNMx00KUhpSoyYOiPCjtThVyvEdxm-7o2Gy6h5HJbpWvQH0fs66_NY5XHa2b9AT3O_2Si1OLJZrAnRcAlSTeTg8nbHJUg-JDaYxBNbBMgRfEBEhkjZRCD1egMOc0AU:1o6YK7:zdFA43OiH1g79e6yBWDpAIaNsDQ96n0Muqe-xoulzu4", "expire_date": "2022-06-29T17:25:43.060Z"}}, {"model": "sessions.session", "pk": "e1o5rt6d6s7l153677gmnm7zkch27zti", "fields": {"session_data": ".eJxVjltLAzEUhP9LioWCu-TaJH3ygtYiaEEL-uJyTk7SLVuW0mzxhv_doH3p2zAz3zDfLMB-aDbEZux2snjFp8-zzdAtxsv5ul_pD_EiuovH7cPbdYRVuFMj2z7Pt-ue083X-z07Zw0chrY55Lj_HwFwAr22FcnIKy0dVj4lUVlJKJWxIjl9iiGELvZ_7G6Xa4Qc66OX68tSuzoWTqgWclsQblGA45AIg0ZhoiLOi8AgIZUj0ZLjkryalk-mBCmR4UFPldHGo2c_v6MJULs:1o6YIk:8-pj4KwIqWKk1dOzqRY1AQLH4asyBG7jw1CjK0j2Gvg", "expire_date": "2022-06-29T17:24:18.044Z"}}, {"model": "sessions.session", "pk": "lk5o59xovtj7c1a0lc5orhl0a18j0140", "fields": {"session_data": ".eJxVjjkOwjAQRe_imlgz3k1Jzxmi8XhCWJRIWSrE3QkoBdT_vaf_VC2tS9-us0zttaqjqsViBk8N1wCNMx00KUhpSoyYOiPCjtThVyvEdxm-7o2Gy6h5HJbpWvQH0fs66_NY5XHa2b9AT3O_2Si1OLJZrAnRcAlSTeTg8nbHJUg-JDaYxBNbBMgRfEBEhkjZRCD1egMOc0AU:1o6UxD:NhIJ-C-Wka_VYEY7rF40EhSAAo7jBsoy9W5H-dVe4Ps", "expire_date": "2022-06-29T13:49:51.133Z"}}, {"model": "sites.site", "pk": 1, "fields": {"domain": "example.com", "name": "example.com"}}, {"model": "django_celery_beat.crontabschedule", "pk": 1, "fields": {"minute": "0", "hour": "4", "day_of_week": "*", "day_of_month": "*", "month_of_year": "*", "timezone": "Europe/Moscow"}}, {"model": "django_celery_beat.periodictasks", "pk": 1, "fields": {"last_update": "2022-06-29T10:29:35.343Z"}}, {"model": "django_celery_beat.periodictask", "pk": 1, "fields": {"name": "celery.backend_cleanup", "task": "celery.backend_cleanup", "interval": null, "crontab": 1, "solar": null, "clocked": null, "args": "[]", "kwargs": "{}", "queue": null, "exchange": null, "routing_key": null, "headers": "{}", "priority": null, "expires": null, "expire_seconds": 43200, "one_off": false, "start_time": null, "enabled": true, "last_run_at": null, "total_run_count": 0, "date_changed": "2022-06-29T10:29:35.347Z", "description": ""}}, {"model": "token_blacklist.outstandingtoken", "pk": 1, "fields": {"user": "4b725caa-97cd-4bf1-b8c7-5af9fa3a798a", "jti": "36b3d015b6f44f49bf9feb021c4dbd52", "token": "eyJ0eXAiOiJKV1QiLCJhbGciOiJIUzI1NiJ9.eyJ0b2tlbl90eXBlIjoicmVmcmVzaCIsImV4cCI6MTY2NDI3NDc2MCwianRpIjoiMzZiM2QwMTViNmY0NGY0OWJmOWZlYjAyMWM0ZGJkNTIiLCJ1c2VyX2lkIjoiNGI3MjVjYWEtOTdjZC00YmYxLWI4YzctNWFmOWZhM2E3OThhIn0.kap-jkFEtYYr1Ic1QIZP4KthOGXA-TvDd9Vv_GT8JBA", "created_at": "2022-06-29T10:32:40.143Z", "expires_at": "2022-09-27T10:32:40Z"}}, {"model": "token_blacklist.outstandingtoken", "pk": 2, "fields": {"user": "aa81b947-d2e0-428b-9ff1-72db23571f84", "jti": "a2a997792eb44706b8105414d769ba2a", "token": "eyJ0eXAiOiJKV1QiLCJhbGciOiJIUzI1NiJ9.eyJ0b2tlbl90eXBlIjoicmVmcmVzaCIsImV4cCI6MTY2NDI4NzQ1OCwianRpIjoiYTJhOTk3NzkyZWI0NDcwNmI4MTA1NDE0ZDc2OWJhMmEiLCJ1c2VyX2lkIjoiYWE4MWI5NDctZDJlMC00MjhiLTlmZjEtNzJkYjIzNTcxZjg0In0.DOuLrbBtYxl2BcHU98mapYmYgkiBEawbnWhrChFxmc4", "created_at": "2022-06-29T14:04:18.041Z", "expires_at": "2022-09-27T14:04:18Z"}}, {"model": "base.customuser", "pk": "4b725caa-97cd-4bf1-b8c7-5af9fa3a798a", "fields": {"last_login": null, "is_superuser": false, "is_staff": false, "date_joined": "2022-06-29T10:32:13.762Z", "phone": "+79186850457", "username": null, "email": "q@q.ru", "first_name": "", "middle_name": "", "last_name": "", "image": "", "is_customer": false, "is_promo": false, "is_active": true, "is_verified": false, "password": "pbkdf2_sha256$260000$LI0qJIInuY17bj5fSo0ukt$HpOh9JnFy7pHPYCK2q/HitgWmPxSdl8oCPajCTHJ5Bg=", "groups": [], "user_permissions": []}}, {"model": "base.customuser", "pk": "aa81b947-d2e0-428b-9ff1-72db23571f84", "fields": {"last_login": "2022-06-29T14:04:18.039Z", "is_superuser": false, "is_staff": false, "date_joined": "2022-06-29T14:04:00.457Z", "phone": "+79284321212", "username": null, "email": null, "first_name": "", "middle_name": "", "last_name": "", "image": "", "is_customer": true, "is_promo": false, "is_active": true, "is_verified": false, "password": "", "groups": [], "user_permissions": []}}, {"model": "base.customuser", "pk": "db31905a-cd60-42f0-86eb-b7718f2eec4a", "fields": {"last_login": "2022-06-29T14:05:43.056Z", "is_superuser": true, "is_staff": true, "date_joined": "2022-06-29T10:27:25.370Z", "phone": "+79181231212", "username": null, "email": null, "first_name": "", "middle_name": "", "last_name": "", "image": "", "is_customer": false, "is_promo": false, "is_active": true, "is_verified": false, "password": "pbkdf2_sha256$260000$zHSGeMVDqfq8lEnY7ir9yP$PM2LtWrYeMRf0ghclFaINP/vB6SmWx2yApRyKIxQAC0=", "groups": [], "user_permissions": []}}, {"model": "base.authcode", "pk": 1, "fields": {"user": "aa81b947-d2e0-428b-9ff1-72db23571f84", "code": "3089", "created_at": "2022-06-29T14:04:00.464Z", "updated_at": "2022-06-29T14:04:18.027Z", "is_active": false}}, {"model": "company.institution", "pk": "73aa0c49-a2f9-4483-be25-9ee9da912b05", "fields": {"seo_title": "", "seo_description": "", "seo_keywords": "", "seo_h1": "", "user": "4b725caa-97cd-4bf1-b8c7-5af9fa3a798a", "logo": "4b725caa-97cd-4bf1-b8c7-5af9fa3a798a/logo/pic.jpg", "title": "logo", "description": "logo", "phone": "+79183568871", "domain": "test", "local_time": "moscow", "qrcode": "4b725caa-97cd-4bf1-b8c7-5af9fa3a798a/qrcode/40ia_test.png", "other_phone": []}}, {"model": "company.analytics", "pk": 1, "fields": {"institution": "73aa0c49-a2f9-4483-be25-9ee9da912b05", "yandex_metrics": "123321", "google_analytics": "sds1233", "google_tags": "SMSJ123", "facebook_pixel": "77123-sdd", "vk_pixel": "VK-1233", "tiktok_pixel": "BQQQU888", "is_active": true}}, {"model": "company.requisites", "pk": 1, "fields": {"institution": "73aa0c49-a2f9-4483-be25-9ee9da912b05", "name": "1", "inn": 1, "kpp": 1, "ogrn": 1, "address": null, "bank": "1", "bik": 1, "correspondent_account": 1, "checking_account": "1", "phone": "+74995671234", "email": "1@1mail.com"}}, {"model": "company.design", "pk": 1, "fields": {"user": "4b725caa-97cd-4bf1-b8c7-5af9fa3a798a", "color": "#fff", "institution": ["73aa0c49-a2f9-4483-be25-9ee9da912b05"]}}, {"model": "company.banner", "pk": 1, "fields": {"institution": "73aa0c49-a2f9-4483-be25-9ee9da912b05", "image": "4b725caa-97cd-4bf1-b8c7-5af9fa3a798a/banners/3i4_photo_2022-06-26_19-21-57.jpg", "title": "Бесплатная доставка", "description": "При таком-то услвоии...", "promo_code": null, "link": "", "link_text": "", "row": 1, "is_active": true, "products": []}}, {"model": "company.sociallinks", "pk": 1, "fields": {"institution": "73aa0c49-a2f9-4483-be25-9ee9da912b05", "instagram": "ea", "vkontakte": "", "facebook": "ea", "youtube": "", "tiktok": "", "tripadvisor": ""}}, {"model": "company.mincartcost", "pk": 1, "fields": {"institution": "73aa0c49-a2f9-4483-be25-9ee9da912b05", "cost": 550}}, {"model": "delivery.delivery", "pk": 1, "fields": {"user": "4b725caa-97cd-4bf1-b8c7-5af9fa3a798a", "delivery_type": "indoor", "payment_type": "online", "delivery_price": "0.00", "free_delivery_amount": "0.00", "sale_type": null, "sale_amount": null, "min_order_amount": null, "is_active": true, "institution": ["73aa0c49-a2f9-4483-be25-9ee9da912b05"]}}, {"model": "delivery.delivery", "pk": 2, "fields": {"user": "4b725caa-97cd-4bf1-b8c7-5af9fa3a798a", "delivery_type": "courier", "payment_type": "online", "delivery_price": "0.00", "free_delivery_amount": "0.00", "sale_type": null, "sale_amount": null, "min_order_amount": null, "is_active": true, "institution": ["73aa0c49-a2f9-4483-be25-9ee9da912b05"]}}, {"model": "delivery.delivery", "pk": 3, "fields": {"user": "4b725caa-97cd-4bf1-b8c7-5af9fa3a798a", "delivery_type": "pickup", "payment_type": "online", "delivery_price": "0.00", "free_delivery_amount": "0.00", "sale_type": null, "sale_amount": null, "min_order_amount": null, "is_active": true, "institution": ["73aa0c49-a2f9-4483-be25-9ee9da912b05"]}}, {"model": "location.address", "pk": 1, "fields": {"city": "Msk", "region": "", "street": "krasnay", "building": "22", "office": "", "floor": "", "latitude": "", "longitude": "", "display_name": ""}}, {"model": "location.addresslink", "pk": 1, "fields": {"user": "4b725caa-97cd-4bf1-b8c7-5af9fa3a798a", "institution": "73aa0c49-a2f9-4483-be25-9ee9da912b05", "address": 1, "session_id": null}}, {"model": "order.order", "pk": "f3e6e465-eca6-4b3b-99c3-f8689ef4e824", "fields": {"institution": "73aa0c49-a2f9-4483-be25-9ee9da912b05", "customer": "aa81b947-d2e0-428b-9ff1-72db23571f84", "cart": 1, "payment_type": "online", "name": "erik", "phone": "", "comment": "скорей", "created_at": "2022-06-29T14:07:16.937Z", "updated_at": "2022-06-29T14:07:16.937Z", "code": "W-204", "status": "placed", "paid": false}}, {"model": "order.promocode", "pk": 1, "fields": {"institution": "73aa0c49-a2f9-4483-be25-9ee9da912b05", "title": "new", "code_type": "absolute", "code": "CODE", "sale": 5, "cart_total": null, "delivery_free": false, "date_start": null, "date_finish": null, "code_use": null, "code_use_by_user": null, "num_uses": 0, "is_active": false, "products": [], "categories": []}}, {"model": "order.bonus", "pk": 1, "fields": {"institution": "73aa0c49-a2f9-4483-be25-9ee9da912b05", "is_active": true, "write_off": 10, "accrual": 3, "is_promo_code": false, "is_registration_bonus": false, "registration_bonus": null}}, {"model": "order.cart", "pk": 1, "fields": {"institution": "73aa0c49-a2f9-4483-be25-9ee9da912b05", "customer": "aa81b947-d2e0-428b-9ff1-72db23571f84", "created_at": "2022-06-29T14:03:07.806Z", "updated_at": "2022-06-29T14:07:10.253Z", "promo_code": null, "customer_bonus": null, "delivery": null, "min_amount": 550, "session_id": "F)IYbSy%itkI&PGgnU4x1X1k@OlN^CeaUcH3#7hTGlgn0dEzwK", "items": [1, 2]}}, {"model": "order.cartitem", "pk": 1, "fields": {"cart": 1, "product": {"id": 4, "slug": "pepperoni", "price": 750, "title": "пепперони", "category": "pizza", "additives": [], "modifiers": {}}, "quantity": 1}}, {"model": "order.cartitem", "pk": 2, "fields": {"cart": 1, "product": {"id": 1, "slug": "cola", "price": 50, "title": "cola", "category": "drink", "additives": [], "modifiers": {}}, "quantity": 2}}, {"model": "payment.payment", "pk": "63153aff-6133-4c02-816b-fcd785fa64e5", "fields": {"institution": "73aa0c49-a2f9-4483-be25-9ee9da912b05", "user": "aa81b947-d2e0-428b-9ff1-72db23571f84", "order": "f3e6e465-eca6-4b3b-99c3-f8689ef4e824", "code": null, "type": "online", "status": "pending", "created_at": "2022-06-29T14:07:16.952Z", "updated_at": "2022-06-29T14:07:16.956Z", "total": "850.00"}}, {"model": "payment.paymenttypeinstitution", "pk": 1, "fields": {"type": "online", "institution": ["73aa0c49-a2f9-4483-be25-9ee9da912b05"]}}, {"model": "payment.paymenttypeinstitution", "pk": 2, "fields": {"type": "card", "institution": ["73aa0c49-a2f9-4483-be25-9ee9da912b05"]}}, {"model": "payment.paymenttypeinstitution", "pk": 3, "fields": {"type": "cash", "institution": ["73aa0c49-a2f9-4483-be25-9ee9da912b05"]}}, {"model": "payment.yoomoney", "pk": 1, "fields": {"user": "4b725caa-97cd-4bf1-b8c7-5af9fa3a798a", "wallet": "410015505324410", "client_id": "", "oauth_key": "", "is_test": false}}, {"model": "product.product", "pk": 1, "fields": {"user": "4b725caa-97cd-4bf1-b8c7-5af9fa3a798a", "category": 1, "is_active": true, "row": 1, "title": "cola", "description": "some desc", "price": "50.00", "old_price": null, "cost_price": null, "protein": null, "fats": null, "carbohydrates": null, "calories": null, "weight_unit": "gram", "weight": 150.0, "cook_time": 0, "slug": "cola", "institution": ["73aa0c49-a2f9-4483-be25-9ee9da912b05"], "sticker": [], "images": [], "additives": [], "modifiers": []}}, {"model": "product.product", "pk": 2, "fields": {"user": "4b725caa-97cd-4bf1-b8c7-5af9fa3a798a", "category": 1, "is_active": true, "row": 1, "title": "pepsi", "description": "some desc", "price": "50.00", "old_price": null, "cost_price": null, "protein": null, "fats": null, "carbohydrates": null, "calories": null, "weight_unit": "gram", "weight": 150.0, "cook_time": 0, "slug": "pepsi", "institution": ["73aa0c49-a2f9-4483-be25-9ee9da912b05"], "sticker": [], "images": [], "additives": [], "modifiers": []}}, {"model": "product.product", "pk": 3, "fields": {"user": "4b725caa-97cd-4bf1-b8c7-5af9fa3a798a", "category": 2, "is_active": true, "row": 1, "title": "маргарита", "description": "some desc", "price": "450.00", "old_price": null, "cost_price": null, "protein": null, "fats": null, "carbohydrates": null, "calories": null, "weight_unit": "gram", "weight": 150.0, "cook_time": 0, "slug": "margarita", "institution": ["73aa0c49-a2f9-4483-be25-9ee9da912b05"], "sticker": [], "images": [], "additives": [], "modifiers": []}}, {"model": "product.product", "pk": 4, "fields": {"user": "4b725caa-97cd-4bf1-b8c7-5af9fa3a798a", "category": 2, "is_active": true, "row": 1, "title": "пепперони", "description": "some desc", "price": "750.00", "old_price": null, "cost_price": null, "protein": null, "fats": null, "carbohydrates": null, "calories": null, "weight_unit": "gram", "weight": 150.0, "cook_time": 0, "slug": "pepperoni", "institution": ["73aa0c49-a2f9-4483-be25-9ee9da912b05"], "sticker": [], "images": [], "additives": [], "modifiers": []}}, {"model": "product.product", "pk": 5, "fields": {"user": "4b725caa-97cd-4bf1-b8c7-5af9fa3a798a", "category": 3, "is_active": true, "row": 1, "title": "cheeseburger", "description": "some desc", "price": "950.00", "old_price": null, "cost_price": null, "protein": null, "fats": null, "carbohydrates": null, "calories": null, "weight_unit": "gram", "weight": 150.0, "cook_time": 0, "slug": "cheeseburger", "institution": ["73aa0c49-a2f9-4483-be25-9ee9da912b05"], "sticker": [], "images": [], "additives": [], "modifiers": []}}, {"model": "product.category", "pk": 1, "fields": {"user": "4b725caa-97cd-4bf1-b8c7-5af9fa3a798a", "title": "напитки", "is_active": true, "row": 1, "slug": "drink", "institution": ["73aa0c49-a2f9-4483-be25-9ee9da912b05"]}}, {"model": "product.category", "pk": 2, "fields": {"user": "4b725caa-97cd-4bf1-b8c7-5af9fa3a798a", "title": "пицца", "is_active": true, "row": 1, "slug": "pizza", "institution": ["73aa0c49-a2f9-4483-be25-9ee9da912b05"]}}, {"model": "product.category", "pk": 3, "fields": {"user": "4b725caa-97cd-4bf1-b8c7-5af9fa3a798a", "title": "бургер", "is_active": true, "row": 1, "slug": "burger", "institution": ["73aa0c49-a2f9-4483-be25-9ee9da912b05"]}}, {"model": "product.sticker", "pk": 1, "fields": {"user": "4b725caa-97cd-4bf1-b8c7-5af9fa3a798a", "title": "Hot", "is_active": true, "color": "red", "text_color": "#000", "institution": ["73aa0c49-a2f9-4483-be25-9ee9da912b05"]}}, {"model": "product.categoryadditive", "pk": 1, "fields": {"user": "4b725caa-97cd-4bf1-b8c7-5af9fa3a798a", "title": "souces", "is_active": true, "row": 1, "institution": ["73aa0c49-a2f9-4483-be25-9ee9da912b05"]}}, {"model": "product.categoryadditive", "pk": 2, "fields": {"user": "4b725caa-97cd-4bf1-b8c7-5af9fa3a798a", "title": "liquer", "is_active": false, "row": 1, "institution": ["73aa0c49-a2f9-4483-be25-9ee9da912b05"]}}, {"model": "product.additive", "pk": 1, "fields": {"user": "4b725caa-97cd-4bf1-b8c7-5af9fa3a798a", "category": 1, "title": "sugar", "description": "sweat sugerrrr", "image": "", "price": "5.00", "is_active": true, "is_required": false, "institution": ["73aa0c49-a2f9-4483-be25-9ee9da912b05"]}}, {"model": "product.additive", "pk": 2, "fields": {"user": "4b725caa-97cd-4bf1-b8c7-5af9fa3a798a", "category": 1, "title": "красный", "description": "красный соус", "image": "", "price": "5.00", "is_active": true, "is_required": false, "institution": ["73aa0c49-a2f9-4483-be25-9ee9da912b05"]}}, {"model": "product.additive", "pk": 3, "fields": {"user": "4b725caa-97cd-4bf1-b8c7-5af9fa3a798a", "category": 1, "title": "белый", "description": "белый соус", "image": "", "price": "5.00", "is_active": true, "is_required": false, "institution": ["73aa0c49-a2f9-4483-be25-9ee9da912b05"]}}, {"model": "product.additive", "pk": 4, "fields": {"user": "4b725caa-97cd-4bf1-b8c7-5af9fa3a798a", "category": 2, "title": "клюквенный", "description": "клюквенный сироп", "image": "", "price": "5.00", "is_active": true, "is_required": false, "institution": ["73aa0c49-a2f9-4483-be25-9ee9da912b05"]}}, {"model": "product.additive", "pk": 5, "fields": {"user": "4b725caa-97cd-4bf1-b8c7-5af9fa3a798a", "category": 2, "title": "малиновый", "description": "клюквенный сироп", "image": "", "price": "5.00", "is_active": true, "is_required": false, "institution": ["73aa0c49-a2f9-4483-be25-9ee9da912b05"]}}, {"model": "product.modifier", "pk": 1, "fields": {"user": "4b725caa-97cd-4bf1-b8c7-5af9fa3a798a", "title": "20 см", "institution": ["73aa0c49-a2f9-4483-be25-9ee9da912b05"]}}, {"model": "product.modifier", "pk": 2, "fields": {"user": "4b725caa-97cd-4bf1-b8c7-5af9fa3a798a", "title": "40 см", "institution": ["73aa0c49-a2f9-4483-be25-9ee9da912b05"]}}, {"model": "product.modifier", "pk": 3, "fields": {"user": "4b725caa-97cd-4bf1-b8c7-5af9fa3a798a", "title": "50 см", "institution": ["73aa0c49-a2f9-4483-be25-9ee9da912b05"]}}, {"model": "product.modifierprice", "pk": 1, "fields": {"user": "4b725caa-97cd-4bf1-b8c7-5af9fa3a798a", "product": 2, "modifier": 2, "price": "490.00", "institution": ["73aa0c49-a2f9-4483-be25-9ee9da912b05"]}}, {"model": "product.modifierprice", "pk": 2, "fields": {"user": "4b725caa-97cd-4bf1-b8c7-5af9fa3a798a", "product": 2, "modifier": 2, "price": "690.00", "institution": ["73aa0c49-a2f9-4483-be25-9ee9da912b05"]}}, {"model": "product.modifierprice", "pk": 3, "fields": {"user": "4b725caa-97cd-4bf1-b8c7-5af9fa3a798a", "product": 2, "modifier": 2, "price": "890.00", "institution": ["73aa0c49-a2f9-4483-be25-9ee9da912b05"]}}]